Rank,Name,Platform,Year,Genre,Publisher,NA_Sales,EU_Sales,JP_Sales,Other_Sales,Global_Sales
0.10691060611702005,Club Penguin: Elite Penguin Force,DS,2008.0,1.0,Disney Interactive Studios,0.9942686368882865,63.0,0.0,27,3.16
1.0,Secret Files: Tunguska,PC,2006.0,1.0,DreamCatcher Interactive,0.0,4.0,0.0,1,0.05
0.9998479254487967,ECW Anarchy Rulz,PS,1999.0,2.0,Acclaim Entertainment,0.017439208002013897,4.0,0.0,1,0.11
1.0,Taiko no Tatsujin: Waku Waku Anime Matsuri,PS2,2003.0,3.0,Namco Bandai Games,0.0,0.0,0.2,0,0.2
0.9998530936030661,Breakout,PS,1999.0,5.0,Hasbro Interactive,0.017140338747481134,4.0,0.0,1,0.11
1.0,Famicom Mini: Balloon Fight,GBA,2004.0,0.0,Nintendo,0.0,0.0,0.06,0,0.06
0.9859992296884026,Let's Draw!,DS,2008.0,3.0,Ubisoft,0.16674986972671516,23.0,0.0,6,0.54
0.9431329656164535,Dora the Explorer: Super Spies,GBA,2004.0,4.0,Gotham Games,0.3324157173894058,16.0,0.0,1,0.61
0.9995574085167951,Earthworm Jim 3D,N64,1999.0,4.0,Interplay,0.02974873239633319,2.0,0.0,0,0.12
1.0,PDC World Championship Darts: Pro Tour,Wii,2010.0,10.0,O-Games,0.0,10.0,0.0,1,0.11
0.9920437152011559,Cabela's Dangerous Hunts 2011,PS3,2010.0,10.0,Activision,0.12589387248745632,4.0,0.0,3,0.33
0.9990334032722366,Jeremy McGrath Supercross World,PS2,2001.0,6.0,Acclaim Entertainment,0.043957469743978406,9.0,0.0,3,0.23
0.998148804905185,Ringling Bros. and Barnum & Bailey Circus,Wii,2009.0,0.0,Take-Two Interactive,0.06081910280784281,0.0,0.0,1,0.18
0.9978046505115341,Burstrick: Wake Boarding!!,PS,2000.0,10.0,Natsume,0.06622597237908412,10.0,0.0,2,0.27
0.9999443102475675,Knights Contract,PS3,2011.0,0.0,Namco Bandai Games,0.010553501955119445,3.0,0.0,1,0.09
0.9972927764884882,VMX Racing,PS,1997.0,6.0,Playmates,0.07353310794385166,11.0,0.0,2,0.28
0.9986831742065925,Scripps Spelling Bee,DS,2010.0,9.0,THQ,0.05130221785307838,0.0,0.0,1,0.16
0.0,Pokemon Gold/Pokemon Silver,GB,1999.0,7.0,Nintendo,1.0,76.0,7.2,38,23.1
0.5494062633767951,Tom Clancy's Ghost Recon 2,XB,2004.0,8.0,Ubisoft,0.8355553588855424,42.0,0.0,6,1.36
0.9617639305007079,Major League Baseball 2K13,X360,2013.0,10.0,Take-Two Interactive,0.27387979477834723,0.0,0.0,3,0.47
0.9992887623566787,Injustice: Gods Among Us,WiiU,2013.0,2.0,Warner Bros. Interactive Entertainment,0.03770900990025203,8.0,0.0,2,0.2
0.924678098474716,The Amazing Spider-Man (Console Version),X360,2012.0,0.0,Activision,0.38074980525429486,26.0,0.0,6,0.75
0.9713293303929272,Final Fantasy II Anniversary Edition,PSP,2007.0,7.0,Square Enix,0.23773794799826892,3.0,0.07,4,0.51
0.5822769697688849,Sonic Adventure DX: Director's Cut,GC,2003.0,4.0,Sega,0.8129904860924052,30.0,0.06,3,1.27
0.9997026906430498,Championship Foosball,Wii,2008.0,10.0,505 Games,0.024382992454708534,0.0,0.0,1,0.09
1.0,Persona 2: Eternal Punishment,PSP,2012.0,7.0,Atlus,0.0,0.0,0.05,0,0.05
1.0,Ray Gigant,PSV,2015.0,7.0,Namco Bandai Games,0.0,0.0,0.04,0,0.04
0.9993019805449085,My Baby: First Steps,Wii,2009.0,9.0,SouthPeak Games,0.037357083384856396,0.0,0.0,1,0.13
1.0,Gallop Racer,PS,1999.0,10.0,Tecmo Koei,0.0,0.0,0.18,1,0.19
0.9999035633345557,Cubic Ninja,3DS,2011.0,4.0,Ubisoft,0.013887549490757718,4.0,0.0,1,0.1
0.38360632828318925,Mario Party 3,N64,2000.0,3.0,Nintendo,0.9234967162373074,16.0,1.01,2,1.91
1.0,BeatMania Append GottaMix,PS,1999.0,9.0,Konami Digital Entertainment,0.0,0.0,0.31,2,0.33
0.974521385281145,Kinect Sports Rivals,XOne,2014.0,10.0,Microsoft Game Studios,0.22429460454883493,22.0,0.02,4,0.58
1.0,Corpse Party: Book of Shadows,PSP,2011.0,1.0,5pb,0.0,0.0,0.04,0,0.04
0.9989898111835817,Guilty Gear Judgment,PSP,2006.0,2.0,Majesco Entertainment,0.044937257942514054,0.0,0.02,1,0.16
0.997906114831757,World of Warcraft: Legion,PC,2016.0,7.0,Activision,0.06467910003539165,12.0,0.0,2,0.29
1.0,NANA: Live Staff Daiboshuu! Shoshinsha Kangei,DS,2007.0,0.0,Konami Digital Entertainment,0.0,0.0,0.02,0,0.02
1.0,Kana: Imouto,PSP,2010.0,1.0,CyberFront,0.0,0.0,0.01,0,0.01
0.9942907903735158,Bruce Lee: Quest of the Dragon,XB,2002.0,2.0,Universal Interactive,0.10670437750349925,7.0,0.0,1,0.31
1.0,Attack on Titan (KOEI),PS3,2016.0,0.0,Tecmo Koei,0.0,0.0,0.06,0,0.06
1.0,Sword Art Online: Infinity Moment,PSP,2013.0,7.0,Namco Bandai Games,0.0,0.0,0.22,0,0.22
1.0,Heart no Kuni no Alice: Wonderful Twin World,PSP,2014.0,1.0,Quinrose,0.0,0.0,0.01,0,0.01
0.9997317756404037,Hot Shots Tennis: Get a Grip,PSP,2010.0,10.0,Sony Computer Entertainment,0.023159809474295065,0.0,0.13,1,0.21
0.8144866618584528,Pong: The Next Level,PS,1998.0,5.0,Hasbro Interactive,0.5801822796799937,37.0,0.0,7,1.01
0.7808688094430304,Winter Sports: The Ultimate Challenge,Wii,2007.0,10.0,RTL,0.6246950475544243,55.0,0.0,12,1.26
1.0,AMNESIA World,PSV,2014.0,1.0,Idea Factory,0.0,0.0,0.03,0,0.03
0.9999883313204857,Lego Star Wars: The Force Awakens,3DS,2016.0,0.0,Warner Bros. Interactive Entertainment,0.004830861503963699,4.0,0.0,0,0.07
1.0,Tales of Innocence R,PSV,2012.0,7.0,Namco Bandai Games,0.0,0.0,0.1,0,0.1
0.6097107608496924,Middle-Earth: Shadow of Mordor,XOne,2014.0,0.0,Warner Bros. Interactive Entertainment,0.7926239891046001,45.0,0.01,10,1.32
1.0,Breath of Fire II,SNES,1994.0,7.0,Laguna,0.0,0.0,0.36,0,0.36
0.34731435582359393,Dead or Alive 3,XB,2001.0,2.0,Microsoft Game Studios,0.9377487607237037,29.0,0.24,6,1.77
0.9658428372346682,Littlest Pet Shop: Jungle,DS,2008.0,9.0,Electronic Arts,0.25912856608735,20.0,0.0,6,0.61
0.9998242650849972,MLB 11: The Show,PS2,2011.0,10.0,Sony Computer Entertainment,0.018746704970343697,5.0,0.0,2,0.13
0.5633368246415098,BioShock,PS3,2008.0,8.0,Take-Two Interactive,0.8262273428075476,44.0,0.01,21,1.45
0.9973076252903363,Blade II,PS2,2002.0,0.0,Activision,0.07333144303605414,12.0,0.0,4,0.31
0.9979690828636267,Loving Life with Hello Kitty & Friends,DS,2011.0,3.0,Rising Star Games,0.06370015422533787,8.0,0.0,2,0.26
1.0,Pop'n Music 12 Iroha,PS2,2006.0,9.0,Konami Digital Entertainment,0.0,0.0,0.02,0,0.02
0.9872746991625204,OkamiDen,DS,2010.0,1.0,Capcom,0.15902411261678182,7.0,0.13,3,0.48
0.9995520957215442,NPPL: Championship Paintball 2009,X360,2008.0,8.0,Activision Value,0.029926709452740848,1.0,0.0,1,0.12
0.999997891805342,Aegis of Earth: Protonovus Assault,PS3,2016.0,0.0,PQube,0.002053383761407273,1.0,0.0,0,0.03
0.8169678632647616,James Bond 007: Agent Under Fire,XB,2002.0,8.0,Electronic Arts,0.5766831975986553,22.0,0.0,3,0.9
1.0,ASH: Archaic Sealed Heat,DS,2007.0,7.0,Nintendo,0.0,0.0,0.12,0,0.12
1.0,Myst,SAT,1994.0,1.0,Sunsoft,0.0,0.0,0.06,0,0.06
0.9986398986104402,Me & My Katamari,PSP,2005.0,5.0,Namco Bandai Games,0.05213782603187037,2.0,0.08,0,0.23
0.9992668190697124,ESPN Winter X Games: Snowboarding 2002,PS2,2000.0,10.0,Konami Digital Entertainment,0.03828608502182806,8.0,0.0,3,0.21
0.9255469562056767,Jade Empire,XB,2005.0,7.0,Microsoft Game Studios,0.37863284572050415,19.0,0.0,3,0.7
0.9996628455736941,Atelier Ayesha: The Alchemist of Dusk,PS3,2012.0,7.0,Tecmo Koei,0.02596526871619985,4.0,0.14,2,0.27
0.9998275135101585,Ape Escape 3,PS2,2005.0,4.0,Sony Computer Entertainment,0.018572647309786226,5.0,0.0,2,0.13
0.9998641745200229,ReCore,XOne,2016.0,0.0,Microsoft Game Studios,0.016481277601978397,3.0,0.0,1,0.1
0.9995850071200062,Eragon,PSP,2006.0,0.0,Vivendi Games,0.028806484355043405,0.0,0.0,1,0.11
0.9719027647585363,Gex: Enter the Gecko,PS,1998.0,4.0,BMG Interactive Entertainment,0.23538270083995802,22.0,0.0,4,0.58
0.7231104752831214,The Lord of the Rings: The Return of the King,XB,2003.0,0.0,Electronic Arts,0.6907323943002951,37.0,0.0,5,1.14
0.9999573335608682,GRID,DS,,6.0,Codemasters,0.009237481141439892,1.0,0.0,0,0.06
0.9961619826450318,Tony Hawk's Proving Ground,Wii,2007.0,10.0,Activision,0.08752887713617434,1.0,0.0,2,0.25
0.9981074057317652,Need for Speed: The Run,Wii,2011.0,0.0,Electronic Arts,0.061494769073521076,13.0,0.01,3,0.29
1.0,Derby Stallion 98,SNES,1998.0,10.0,ASCII Entertainment,0.0,0.0,0.08,0,0.08
1.0,Turok,PC,2008.0,0.0,Touchstone,0.0,1.0,0.0,0,0.01
0.9181422776021255,Final Fantasy Tactics A2: Grimoire of the Rift,DS,2007.0,7.0,Square Enix,0.39625087770196993,3.0,0.3,4,0.79
1.0,Durarara!! 3-way Standoff,PSP,2010.0,1.0,ASCII Media Works,0.0,0.0,0.05,0,0.05
0.9920730390176101,FIFA World Cup Germany 2006,X360,2006.0,10.0,Electronic Arts,0.12566258494223062,27.0,0.01,0,0.48
1.0,Record of Agarest War: Marriage,PSP,2012.0,7.0,Compile Heart,0.0,0.0,0.04,0,0.04
1.0,Policenauts,3DO,1995.0,1.0,Konami Digital Entertainment,0.0,0.0,0.06,0,0.06
0.9999621949605747,Super Black Bass Fishing,DS,2005.0,10.0,Majesco Entertainment,0.00869532343443978,0.0,0.0,0,0.04
1.0,Fit & Fun,Wii,2011.0,10.0,Unknown,0.0,1.0,0.0,0,0.01
1.0,echochrome,PSP,2008.0,5.0,Sony Computer Entertainment,0.0,1.0,0.08,0,0.09
0.9999793668606541,RLH: Run Like Hell,XB,2003.0,8.0,Avalon Interactive,0.006423850322445315,1.0,0.0,0,0.04
0.999985151308169,Adventure Time: Finn & Jake Investigations,X360,2015.0,0.0,Little Orbit,0.00544951036135242,6.0,0.0,1,0.09
0.9375662184099312,FIFA Soccer 07,PSP,2006.0,10.0,Electronic Arts,0.34780682295852283,53.0,0.0,28,1.21
0.9991792438542416,WWE '13,Wii,2012.0,0.0,THQ,0.04050726664273953,2.0,0.0,1,0.16
0.4895347567076386,Kirby's Return to Dreamland,Wii,2011.0,4.0,Nintendo,0.8719837853854813,21.0,0.79,8,1.7
1.0,Katekyoo Hitman Reborn! Dream Hyper Battle! Wii,Wii,2008.0,2.0,Marvelous Interactive,0.0,0.0,0.02,0,0.02
0.9999260091244535,Resident Evil 6,PS4,2016.0,8.0,Capcom,0.012164549989348584,0.0,0.0,1,0.07
1.0,Samurai Spirits: Tenkaichi Kenkakuden,PS2,,2.0,Unknown,0.0,0.0,0.03,0,0.03
1.0,Kotoba no Puzzle: Mojipittan DS,DS,2007.0,5.0,Namco Bandai Games,0.0,0.0,0.37,0,0.37
0.9999980851844015,Myth Makers: Super Kart GP,Wii,2007.0,6.0,Popcorn Arcade,0.0019569434152336626,0.0,0.0,0,0.02
0.029986509105671005,The Legend of Zelda: Ocarina of Time,N64,1998.0,0.0,Nintendo,0.9995503035223668,70.0,1.45,16,7.6
1.0,Sword Art Online: Hollow Fragment,PSV,2014.0,7.0,Namco Bandai Games,0.0,0.0,0.3,0,0.3
0.9372218510575617,Jillian Michaels Fitness Ultimatum 2010,Wii,2009.0,10.0,Majesco Entertainment,0.34873371202141834,1.0,0.0,4,0.57
0.22389751093590957,Need for Speed Carbon: Own the City,PSP,2006.0,6.0,Electronic Arts,0.9746126946621946,63.0,0.0,34,2.44
0.999499654730463,Star Wars: Jedi Power Battles,GBA,2002.0,0.0,THQ,0.03162973590919187,4.0,0.0,0,0.14
0.9994677095076616,MX vs. ATV Untamed,DS,2007.0,6.0,THQ,0.032623575087787175,0.0,0.0,1,0.12
1.0,SingStar Apres-Ski Party 2,PS3,2010.0,3.0,Sony Computer Entertainment,0.0,7.0,0.0,2,0.09
0.9975179222617702,The Legend of Spyro: The Eternal Night,Wii,2007.0,4.0,Vivendi Games,0.07041302980671318,2.0,0.0,2,0.22
0.999746178797082,Alvin and the Chipmunks: Chipwrecked,X360,2011.0,3.0,505 Games,0.02252949135317368,1.0,0.0,1,0.1
1.0,The Last Guy,PS3,2009.0,0.0,Sony Computer Entertainment,0.0,0.0,0.03,0,0.03
0.9999901673516743,RollerCoaster Tycoon,PC,,11.0,Microprose,0.004434546196681483,2.0,0.0,1,0.04
0.9998453680625314,Jimmie Johnson's Anything With an Engine,PS3,2011.0,6.0,Konami Digital Entertainment,0.017585220041300805,0.0,0.0,1,0.07
0.9805806756909202,Dead or Alive Ultimate,XB,2004.0,2.0,Tecmo Koei,0.19611613513818404,10.0,0.08,2,0.5
0.18928616226399808,Mario Party 2,N64,1999.0,3.0,Nintendo,0.98192196674449,14.0,1.08,1,2.5
0.9991543195835283,Skylanders SWAP Force,3DS,2013.0,4.0,Activision,0.04111746171125631,12.0,0.0,2,0.24
1.0,Nobunaga no Yabou: Souzou,PS4,2014.0,11.0,Tecmo Koei,0.0,0.0,0.06,0,0.06
1.0,Elminage Original: Majo to Megami to Kamigami no Yubiwa,PSP,2011.0,7.0,Starfish,0.0,0.0,0.02,0,0.02
1.0,Mahou Sensei Negima! Kagai Jugyou ~Otome no Dokidoki Beachside~,PS2,2006.0,1.0,Konami Digital Entertainment,0.0,0.0,0.03,0,0.03
0.9967378275137783,Tony Hawk's Downhill Jam,Wii,,10.0,Activision,0.08070751639787678,0.0,0.0,2,0.24
1.0,Football Manager 2011,PC,2010.0,10.0,Sega,0.0,64.0,0.0,24,1.26
1.0,Idol Janshi Suchie-Pai IV,PS2,2007.0,3.0,Jaleco,0.0,0.0,0.01,0,0.01
0.99997461180748,Championship Surfer,PS,2000.0,10.0,Mattel Interactive,0.007125709822856152,2.0,0.0,0,0.06
1.0,Summon Night 3,PS2,2003.0,7.0,Banpresto,0.0,0.0,0.24,0,0.24
1.0,Nicola Kanshuu: Model Oshare * Audition Platina,3DS,2012.0,0.0,Alchemist,0.0,0.0,0.08,0,0.08
1.0,Soukoku no Kusabi: Hiiro no Kakera 3 - Ashita e no Tobira,PSP,2012.0,0.0,Idea Factory,0.0,0.0,0.02,0,0.02
0.7976593312819867,Yu-Gi-Oh! Worldwide Edition: Stairway to the Destined Duel,GBA,2003.0,3.0,Konami Digital Entertainment,0.6031082748717461,25.0,0.0,2,0.95
1.0,Shinseiki Evangelion: Battle Orchestra,PS2,2007.0,2.0,Broccoli,0.0,0.0,0.02,0,0.02
0.9892034623538708,Tetrisphere,N64,1997.0,5.0,Nintendo,0.14654866108946235,6.0,0.0,0,0.36
0.9999789178534134,Stuntman,GBA,2003.0,6.0,Atari,0.006493369596450737,1.0,0.0,0,0.04
1.0,Summer Challenge: Athletics Tournament,Wii,2011.0,10.0,PQube,0.0,1.0,0.0,0,0.02
1.0,Pe-Jongju to Manabu Kankokugo DS: Test-Hen,DS,2010.0,3.0,D3Publisher,0.0,0.0,0.02,0,0.02
0.9923679519852703,TNA iMPACT!,PS3,2008.0,2.0,Midway Games,0.12331199403367263,12.0,0.0,6,0.41
0.24253562503633297,Spyro: Season of Ice,GBA,2001.0,4.0,Vivendi Games,0.9701425001453319,61.0,0.0,11,2.23
0.9998969962973159,Bomberman Land,PSP,2007.0,3.0,Hudson Entertainment,0.014352588463597835,0.0,0.0,1,0.06
0.9999502527780406,Godai: Elemental Force,PS2,2002.0,0.0,3DO,0.009974566112499158,3.0,0.0,1,0.07
1.0,Half-Minute Hero 2,PSP,,7.0,Rising Star Games,0.0,0.0,0.04,0,0.04
0.7750186878060927,Ty the Tasmanian Tiger,PS2,2002.0,4.0,Electronic Arts,0.6319383146726602,42.0,0.0,15,1.17
0.9950371902099892,Summer Sports 2: Island Sports Party,Wii,2008.0,10.0,Ubisoft,0.09950371902099892,0.0,0.0,2,0.27
0.8556231945808062,Skylanders: Spyro's Adventure,X360,2011.0,0.0,Activision,0.5175992164748087,34.0,0.0,10,0.97
0.9999807111788346,Pacific Liberator,Wii,2009.0,0.0,Zoo Games,0.00621106031788096,0.0,0.0,0,0.03
0.9999916361385723,Pro Evolution Soccer 2012,3DS,2011.0,0.0,Konami Digital Entertainment,0.00408994534208005,0.0,0.0,0,0.03
0.9993063048340447,Smart Boy's Gameroom,DS,2007.0,3.0,505 Games,0.03724122875157931,0.0,0.0,1,0.13
0.9999728352320953,Fighter Maker 2,PS2,2002.0,2.0,Enterbrain,0.007370807139302914,3.0,0.0,1,0.07
1.0,Jikkyou Powerful Pro Yakyuu 2014,PS3,2014.0,10.0,Konami Digital Entertainment,0.0,0.0,0.17,0,0.17
0.8830127003237532,MLB 08: The Show,PS3,2008.0,10.0,Sony Computer Entertainment,0.4693490929648778,0.0,0.0,5,0.7
0.8052782025829381,Custer's Revenge,2600,1981.0,0.0,Mystique,0.59289713816546,5.0,0.0,1,0.82
0.9999982333700498,CT Special Forces 2: Back in the Trenches,GBA,2003.0,8.0,LSP Games,0.0018796959273873115,0.0,0.0,0,0.01
0.08304547985373997,The Simpsons: Road Rage,PS2,2001.0,6.0,Electronic Arts,0.9965457582448796,68.0,0.0,29,3.61
0.9991956114843041,Zoids: Battle Legends,GC,2003.0,0.0,Tomy Corporation,0.04010149611308244,3.0,0.0,0,0.15
0.9999051505164317,Natural Doctrine,PS4,2014.0,7.0,Nippon Ichi Software,0.013772798216479776,2.0,0.02,1,0.1
1.0,Atelier Iris 3: Grand Phantasm (JP Sales),PS2,2006.0,7.0,Tecmo Koei,0.0,0.0,0.04,0,0.04
0.9999320872704954,Dino Pets,DS,2009.0,9.0,Avanquest,0.011654220131357756,0.0,0.0,0,0.06
0.9998317064949375,Smash Court Tennis Pro Tournament 2,PS2,2004.0,10.0,Sony Computer Entertainment,0.01834553589898968,5.0,0.0,2,0.13
1.0,Hayate no Gotoku! Ojousama Produce Daisakusen Boku Iro ni Somare! Gakkou-Hen,DS,2008.0,9.0,Konami Digital Entertainment,0.0,0.0,0.04,0,0.04
0.9999066988367046,X-COM: UFO Defense,PS,1995.0,11.0,Microprose,0.013659927579736402,4.0,0.0,1,0.09
1.0,Kyoukai Senjou no Horizon Portable,PSP,2013.0,1.0,Kadokawa Shoten,0.0,0.0,0.05,0,0.05
0.9753422209915128,Burnout Revenge,XB,2005.0,6.0,Electronic Arts,0.22069787482289704,19.0,0.0,1,0.53
0.9988598141635503,Ice Age: Dawn of the Dinosaurs,PS3,2009.0,0.0,Activision,0.04773962347105203,4.0,0.0,2,0.19
0.9999964633505862,Star Wars: Empire at War,PC,2006.0,11.0,LucasArts,0.002659565062102623,6.0,0.0,2,0.09
0.9992932098185403,World Championship Poker 2: Featuring Howard Lederer,PSP,2005.0,3.0,505 Games,0.03759096714050935,0.0,0.0,1,0.14
1.0,Biohazard: Revival Selection,X360,2011.0,0.0,Capcom,0.0,0.0,0.03,0,0.03
0.9999324027443713,Call of Duty: Modern Warfare 2,PC,2009.0,8.0,Activision,0.011627120962143852,59.0,0.0,9,0.89
0.999882282156183,Ultimate Fighting Championship: Throwdown,GC,2002.0,2.0,Ubisoft,0.015343462130273908,2.0,0.0,0,0.08
0.6246950475544243,Watch Dogs,X360,2014.0,0.0,Ubisoft,0.7808688094430304,42.0,0.01,11,1.28
0.9940808619074321,Ninja: Shadow of Darkness,PS,1998.0,0.0,Eidos Interactive,0.10864271714835323,14.0,0.0,2,0.38
0.9990036285483057,Hannah Montana: Rock Out the Show,PSP,2009.0,3.0,Disney Interactive Studios,0.04462902807947758,1.0,0.0,2,0.16
0.9975974209676802,F1 2012,X360,2012.0,6.0,Codemasters,0.06927759867831113,34.0,0.0,6,0.5
0.9858211697841269,The Punisher,PS2,2005.0,0.0,THQ,0.16779934804836202,20.0,0.0,7,0.52
0.1553925747432196,Medal of Honor,PS,1998.0,8.0,Electronic Arts,0.987852796581896,66.0,0.0,14,2.67
0.9999342502356418,Rockin' Pretty,DS,2009.0,3.0,Arc System Works,0.011467135897197727,0.0,0.0,0,0.05
0.9988969261002004,Indiana Jones and the Staff of Kings,PSP,2009.0,0.0,Activision,0.04695669310727438,10.0,0.0,6,0.26
0.4415076512193109,Forza Motorsport 6,XOne,2015.0,6.0,Microsoft Game Studios,0.897257484736019,62.0,0.03,14,1.74
1.0,Gakuen Hetalia,DS,2012.0,1.0,Idea Factory,0.0,0.0,0.01,0,0.01
0.9950371902099892,AMF Bowling 2004,XB,2003.0,10.0,Mud Duck Productions,0.09950371902099892,6.0,0.0,1,0.3
1.0,The King of Fighters Collection: The Orochi Saga (JP sales),PS2,2006.0,2.0,Ignition Entertainment,0.0,0.0,0.02,0,0.02
0.9582877607731983,Blazing Angels: Squadrons of WWII,PS3,2006.0,9.0,Ubisoft,0.28580512163411176,22.0,0.0,10,0.67
0.9959300618646617,Silent Hill 2: Restless Dreams,XB,2001.0,0.0,Konami Digital Entertainment,0.09012941736331781,6.0,0.0,1,0.28
0.9882536186951318,NCAA Basketball 10,PS3,2009.0,10.0,Electronic Arts,0.15282272454048432,0.0,0.0,3,0.33
0.9999249171459649,Just Dance: Disney Party 2,XOne,2015.0,0.0,Ubisoft,0.012253981827769177,1.0,0.0,1,0.07
0.9978193837394881,Hasbro Family Game Night 3,X360,2010.0,3.0,Electronic Arts,0.06600361682323462,3.0,0.0,1,0.21
0.9927080914950803,Bully: Scholarship Edition,Wii,2008.0,0.0,Take-Two Interactive,0.12054312539583119,29.0,0.0,6,0.52
0.9999087049799531,Let's Ride! Silver Buckle Stables,PS2,2006.0,10.0,THQ,0.013512279797026393,4.0,0.0,1,0.09
0.9992842727991483,Science Papa,Wii,2009.0,3.0,Activision,0.03782779581574063,1.0,0.0,1,0.14
1.0,StarBlade α,PS,1995.0,8.0,Sony Computer Entertainment,0.0,0.0,0.15,1,0.16
0.9849035067934355,Star Wars Starfighter: Special Edition,XB,2001.0,9.0,LucasArts,0.17310425270914928,10.0,0.0,2,0.42
0.9999731002419435,Obscure,PS2,2004.0,1.0,Microids,0.0073347660164445735,3.0,0.0,1,0.07
0.9969819391347817,Peter Jackson's King Kong: The Official Game of the Movie,GC,2005.0,0.0,Ubisoft,0.07763383952279038,5.0,0.0,1,0.24
1.0,Nishijin Pachinko Monogatari 2,SNES,1996.0,3.0,KSS,0.0,0.0,0.03,0,0.03
0.9638804208296161,Circus Atari,2600,,0.0,Atari,0.2663353794397624,3.0,0.0,0,0.46
0.9138115486202573,Rayman Origins,PS3,2011.0,4.0,Ubisoft,0.40613846605344767,46.0,0.01,18,1.03
0.9983169597194176,Dune 2000,PS,1999.0,11.0,Electronic Arts,0.05799351633224832,9.0,0.0,2,0.25
1.0,Pro Yaky? Spirits 2012,PS3,2012.0,10.0,Konami Digital Entertainment,0.0,0.0,0.19,0,0.19
0.3643993485805122,River Raid,2600,1981.0,8.0,Activision,0.9312427797057534,9.0,0.0,2,1.6
0.9737478478855778,ATV Offroad Fury Pro,PSP,2006.0,6.0,Sony Computer Entertainment,0.227629367038187,4.0,0.0,5,0.46
0.9773231400267972,Intelligent Qube,PS,1997.0,5.0,Sony Computer Entertainment,0.21175334700580606,7.0,1.0,2,1.22
1.0,Pocket Monsters Stadium,N64,1998.0,11.0,Nintendo,0.0,0.0,1.37,0,1.37
0.9992887623566786,World Soccer Winning Eleven 9,XB,2005.0,10.0,Konami Digital Entertainment,0.03770900990025203,32.0,0.02,3,0.44
0.9999980625017559,Malice,PS2,2004.0,4.0,Evolved Games,0.0019685001230349526,1.0,0.0,0,0.02
0.9996693155775613,Bravo Air Race,PS,1997.0,6.0,THQ,0.025714966317107686,5.0,0.0,1,0.14
0.18208926018230742,FIFA 17,PS4,2016.0,10.0,Electronic Arts,0.9832820049844601,75.0,0.06,37,4.77
0.9999267239293749,Transformer: Rise of the Dark Spark,WiiU,2014.0,0.0,Activision,0.012105650410767249,1.0,0.0,1,0.07
1.0,Neverwinter Nights 2,PC,2006.0,7.0,Atari,0.0,2.0,0.0,0,0.03
1.0,Shin Momotarou Densetsu,SNES,1993.0,7.0,Hudson Soft,0.0,0.0,0.32,0,0.32
0.996684615822608,Battlefield: Hardline,PS3,2015.0,8.0,Electronic Arts,0.08136200945490678,23.0,0.07,7,0.49
1.0,Mobile Suit Gundam: Giren no Yabou Zeon Dokuritsu Sensouden,PS2,2002.0,11.0,Namco Bandai Games,0.0,0.0,0.38,0,0.38
0.9999783594282535,The Invincible Iron Man,GBA,2002.0,0.0,Activision,0.00657880499623851,1.0,0.0,0,0.04
0.9996751417158638,Monkey Mischief! Party Time,Wii,2008.0,3.0,Activision,0.02548746820238746,0.0,0.0,1,0.1
0.9993148337667671,Stormrise,X360,2009.0,11.0,Sega,0.037011660509880265,3.0,0.0,1,0.15
0.9771763639228009,Naruto Shippuden: Ultimate Ninja 4,PS2,2007.0,2.0,Atari,0.21242964433104367,1.0,0.13,25,0.66
0.9810046970538433,Brunswick Pro Bowling,Wii,2007.0,10.0,505 Games,0.19398397964341535,1.0,0.0,3,0.39
0.9847230521779067,Jimmy Neutron: Boy Genius,GBA,2001.0,4.0,THQ,0.17412785678755666,11.0,0.0,1,0.42
0.9999357325651427,Myth Makers: Orbs of Doom,Wii,2007.0,5.0,Popcorn Arcade,0.011337139825001617,0.0,0.0,0,0.05
0.7863183388224226,Burnout Revenge,PS2,2005.0,6.0,Electronic Arts,0.6178215519319035,3.0,0.0,12,0.9
0.9996469900275006,Mind Zero,PSV,2013.0,7.0,GungHo,0.026568690764850515,0.0,0.04,2,0.15
0.6726727939963124,Call of Duty 4: Modern Warfare,DS,2007.0,8.0,Activision,0.7399400733959437,2.0,0.01,8,1.06
0.06173767486403895,God of War,PS2,2005.0,0.0,Sony Computer Entertainment,0.998092410301963,69.0,0.02,30,4.45
0.1253199634894264,Saints Row 2,X360,2008.0,0.0,THQ,0.9921163776246257,60.0,0.02,26,3.03
0.22651349466027826,Resident Evil 4,Wii,2007.0,0.0,Capcom,0.9740080270391964,49.0,0.14,21,2.26
1.0,Memories Off 6: Next Relation,PS2,2009.0,1.0,5pb,0.0,0.0,0.02,0,0.02
0.9856543593991473,Super Monkey Ball 3D,3DS,2011.0,0.0,Sega,0.16877643140396356,15.0,0.05,4,0.49
1.0,We Sing,Wii,2009.0,3.0,Nordic Games,0.0,56.0,0.0,9,0.78
0.9998810687946742,Goblin Commander: Unleash the Horde,XB,2003.0,11.0,Jaleco,0.015422330109943561,2.0,0.0,0,0.08
0.8486168825713741,Midnight Club: LA Remix,PSP,2008.0,6.0,Take-Two Interactive,0.5290079267977397,28.0,0.0,19,0.99
0.9999797158186168,The Sum of All Fears,GC,2003.0,8.0,Ubisoft,0.00636929755298482,1.0,0.0,0,0.03
0.9999963673812633,Star Wars: Empire at War - Gold Pack,PC,2007.0,11.0,LucasArts,0.0026954079983322462,6.0,0.0,1,0.09
1.0,Samurai Shodown,SNES,1994.0,2.0,Takara,0.0,0.0,0.4,0,0.4
1.0,The Peanuts Movie: Snoopy's Grand Adventure,PS4,2015.0,0.0,Activision,0.0,2.0,0.0,0,0.03
0.9783714667810559,NHL 99,N64,1998.0,10.0,Electronic Arts,0.20685568154799466,1.0,0.0,0,0.39
0.9999918045886107,Back to the Future: The Game,X360,2015.0,1.0,Telltale Games,0.004048549816148221,1.0,0.0,0,0.03
0.9994801143396995,Desktop Tower Defense,DS,2009.0,11.0,THQ,0.03224129401095805,0.0,0.0,1,0.11
0.9863939238321437,BattleTanx: Global Assault,N64,1999.0,0.0,3DO,0.1643989873053573,7.0,0.0,0,0.39
1.0,Hearts of Iron IV,PC,2016.0,11.0,Paradox Interactive,0.0,3.0,0.0,0,0.03
0.9999923107384381,Reversal Challenge,DS,2009.0,3.0,Tommo,0.003921538473484071,0.0,0.0,0,0.02
0.9791055524280281,NHL Hitz 20-02,PS2,2001.0,10.0,Midway Games,0.20335269165812891,22.0,0.0,7,0.56
1.0,Phantasy Star Universe,PS2,2006.0,7.0,Sega,0.0,0.0,0.19,0,0.19
0.9141668360265209,Super Monkey Ball Jr.,GBA,2002.0,5.0,Atari,0.4053381254079857,19.0,0.0,1,0.72
0.9999907105931749,Darklight Conflict,PS,1997.0,9.0,Electronic Arts,0.004310304787039547,1.0,0.0,0,0.04
1.0,NOëL: La Neige,PS,1998.0,1.0,Pioneer LDC,0.0,0.0,0.07,0,0.07
0.9894248288862765,DanceDanceRevolution,Wii,2010.0,9.0,Konami Digital Entertainment,0.1450465717739044,4.0,0.0,2,0.36
0.944496796706159,Patapon,PSP,2007.0,3.0,Sony Computer Entertainment,0.3285206249412727,25.0,0.07,17,0.81
1.0,Gold's Gym: Cardio Workout (Others sales),Wii,2008.0,10.0,Ubisoft,0.0,30.0,0.0,2,0.32
1.0,SingStar Summer Party,PS2,2008.0,3.0,Sony Computer Entertainment,0.0,6.0,0.0,33,0.54
0.9997349997655,Fugitive Hunter: War on Terror,PS2,2003.0,8.0,Play It,0.0230202138103898,6.0,0.0,2,0.15
1.0,Max Payne 2: The Fall of Max Payne,PC,2003.0,8.0,Take-Two Interactive,0.0,2.0,0.0,0,0.03
1.0,Guild 01,3DS,2012.0,0.0,Level 5,0.0,0.0,0.05,0,0.05
1.0,Tenka-bito,PS2,2006.0,11.0,Sega,0.0,0.0,0.03,0,0.03
0.451725143369731,Dead Rising 3,XOne,2013.0,0.0,Microsoft Game Studios,0.8921571581552188,34.0,0.01,12,1.54
0.9928201254014765,Farming Simulator 2015,X360,2015.0,9.0,Koch Media,0.11961688257849114,16.0,0.0,4,0.41
0.9993421559515288,Etrian Mystery Dungeon,3DS,2015.0,7.0,Nippon Ichi Software,0.03626644920791838,1.0,0.12,1,0.23
0.9620129872629928,Scene It? Lights Camera Action,X360,2007.0,3.0,Microsoft Game Studios,0.27300368557463306,2.0,0.0,4,0.48
0.9816754479551155,From Russia With Love,PS2,2005.0,0.0,Electronic Arts,0.1905605281324636,1.0,0.0,6,0.41
0.6434522276212657,Donkey Kong Country 2,GBA,2004.0,4.0,Nintendo,0.7654862707908162,27.0,0.12,4,1.23
1.0,Invizimals: The Lost Tribes,PSP,2011.0,0.0,Sony Computer Entertainment,0.0,8.0,0.0,4,0.11
0.9994548554624054,Neopets Petpet Adventures: The Wand of Wishing,PSP,2006.0,1.0,Sony Computer Entertainment,0.03301502525551489,0.0,0.0,1,0.12
1.0,Detective Jinguuji Saburo: Ronde Revenge,3DS,2012.0,0.0,Arc System Works,0.0,0.0,0.02,0,0.02
0.9997328078506795,Happy Feet Two,3DS,2011.0,0.0,Warner Bros. Interactive Entertainment,0.023115209430073516,2.0,0.0,1,0.11
0.8320502943378436,Army Men: Sarge's Heroes,N64,1999.0,0.0,3DO,0.5547001962252291,12.0,0.0,1,0.81
0.9987523388778446,Heroes of Ruin,3DS,2012.0,7.0,Nintendo,0.04993761694389223,7.0,0.0,2,0.21
0.9999803876917492,Pimp My Ride: Street Racing,DS,2009.0,6.0,Activision,0.006262925183873169,0.0,0.0,0,0.03
0.2640888366541696,Pokemon Ranger,DS,2006.0,7.0,Nintendo,0.9644983599543585,4.0,0.73,12,2.18
1.0,LEGO Star Wars II: The Original Trilogy,PC,2006.0,0.0,Activision,0.0,1.0,0.0,0,0.02
0.999594406031533,Tournament Pool,Wii,2009.0,10.0,Destineer,0.02847847310631148,0.0,0.0,1,0.11
0.9989613004907266,Scooby-Doo! Unmasked,GBA,2005.0,4.0,THQ,0.045566655811857704,5.0,0.0,0,0.18
0.9999360230111779,Air Traffic Chaos,DS,2007.0,9.0,Ertain,0.011311493472977125,0.0,0.0,0,0.05
0.9997332484035909,Star Trek: Voyager Elite Force,PS2,2001.0,8.0,Codemasters,0.02309614765288824,6.0,0.0,2,0.15
0.9621267263153838,NHL 2001,PS,2000.0,10.0,Electronic Arts,0.2726025724560254,24.0,0.0,4,0.63
1.0,Shin Megami Tensei: Devil Summoner,SAT,1995.0,7.0,Atlus,0.0,0.0,0.38,0,0.38
0.08207509454030397,Uncharted 4: A Thief's End,PS4,2016.0,8.0,Sony Computer Entertainment,0.9966261479894054,71.0,0.18,36,4.2
0.838443616300637,Kingdom Hearts Re:coded,DS,2010.0,7.0,Square Enix,0.5449883505954141,10.0,0.27,5,0.98
0.9977142465690868,Freedom Fighters,XB,2003.0,8.0,Electronic Arts,0.06757427167997798,5.0,0.0,1,0.23
1.0,Hakuouki: Yuugi Roku DS,DS,2011.0,1.0,Idea Factory,0.0,0.0,0.02,0,0.02
0.9996393130800885,SSX 3,GBA,2003.0,10.0,Electronic Arts,0.026855981545435212,3.0,0.0,0,0.12
1.0,Arabians Lost: The Engagement on Desert,PSP,2012.0,1.0,Quinrose,0.0,0.0,0.01,0,0.01
0.9677035728978883,Champions: Return to Arms,PS2,2005.0,7.0,Sony Online Entertainment,0.2520908467212986,25.0,0.0,8,0.65
1.0,Meitantei Conan & Kindaichi Shounen no Jikenbou: Meguri au Futari no Meitantei,DS,2009.0,1.0,Namco Bandai Games,0.0,0.0,0.08,0,0.08
1.0,Mahou Sensei Negima! Kagai Jugyou ~Otome no Dokidoki Beachside~,PS2,2006.0,1.0,Konami Digital Entertainment,0.0,0.0,0.03,0,0.03
1.0,World Snooker Championship 2007,PS3,2007.0,10.0,Sega,0.0,10.0,0.0,0,0.1
0.9999650858983776,Arcania: Gothic 4,X360,2010.0,7.0,JoWood Productions,0.008356254199707891,4.0,0.01,1,0.1
0.8120153713427134,Mario Tennis,GB,2000.0,10.0,Nintendo,0.5836360481525753,18.0,0.44,6,1.18
0.2649101894768477,Sonic Mega Collection,GC,2002.0,3.0,Infogrames,0.9642730896957256,43.0,0.05,6,2.05
0.996240588195683,Tiger Woods PGA Tour 09,PS2,2008.0,10.0,Electronic Arts,0.086629616364842,0.0,0.0,21,0.37
0.9973418016237094,NBA In The Zone,PS,1995.0,10.0,Konami Digital Entertainment,0.07286515445652672,11.0,0.0,2,0.28
0.984143395189428,Top Gear Rally,N64,1997.0,6.0,Kemco,0.17737468169111784,7.0,0.0,0,0.4
1.0,SD Gundam G Generation,PS,1998.0,11.0,Namco Bandai Games,0.0,0.0,0.67,5,0.72
0.9895702125995407,Karaoke Revolution,Wii,2009.0,3.0,Konami Digital Entertainment,0.14405136006195846,16.0,0.0,4,0.45
1.0,Saints Row: Gat out of Hell,PS4,2015.0,0.0,Deep Silver,0.0,4.0,0.0,1,0.05
0.998875785447369,Arcade Zone,Wii,2009.0,3.0,Activision,0.04740427456360395,0.0,0.0,1,0.16
0.009900504839612986,Call of Duty: Modern Warfare 2,PS3,2009.0,8.0,Activision,0.9999509888009115,74.0,0.38,40,10.69
0.9999919032273735,World Series of Poker 2008: Battle for the Bracelets,PSP,2007.0,3.0,Activision,0.00402411228662927,0.0,0.0,0,0.02
0.9985079844924803,Hannah Montana: The Movie,X360,2009.0,1.0,Disney Interactive Studios,0.05460590540193252,6.0,0.0,2,0.21
0.9999277768708821,Desert Strike Advance,GBA,2002.0,9.0,Electronic Arts,0.012018362702775025,2.0,0.0,0,0.06
0.9757435254250695,Crash: Mind Over Mutant,Wii,2008.0,4.0,Vivendi Games,0.21891681660177842,6.0,0.0,3,0.45
0.9977677422910182,Conflict: Vietnam,XB,2004.0,8.0,SCi,0.06677973078325712,5.0,0.0,1,0.22
0.5486564414868224,MySims Kingdom,Wii,2008.0,9.0,Electronic Arts,0.8360479108370626,53.0,0.01,17,1.53
1.0,Fire ProWrestling G,PS,1999.0,2.0,Human Entertainment,0.0,0.0,0.18,1,0.19
0.9927671737447902,Purr Pals,Wii,2008.0,9.0,Deep Silver,0.12005556519704438,0.0,0.0,2,0.29
0.9977687151966861,The Cheetah Girls: Passport to Stardom,DS,2008.0,3.0,Disney Interactive Studios,0.06676519283843996,0.0,0.0,1,0.2
1.0,Shiren the Wanderer 4 - God's Eye and the Demon's Navel,PSP,2012.0,7.0,Spike,0.0,0.0,0.04,0,0.04
0.9999230427065664,All-Star Baseball 2004,GBA,2003.0,10.0,Acclaim Entertainment,0.01240599308568941,2.0,0.0,0,0.07
0.6139406135149205,Ratchet: Deadlocked,PS2,2005.0,8.0,Sony Computer Entertainment,0.7893522173763263,3.0,0.22,14,1.24
0.5761570202893698,Tokyo Xtreme Racer Zero,PS2,2000.0,6.0,Crave Entertainment,0.8173390287825943,47.0,0.15,17,1.5
1.0,Super Hero Generation,PS3,2014.0,7.0,Namco Bandai Games,0.0,0.0,0.03,0,0.03
1.0,Demigod,PC,2009.0,11.0,Atari,0.0,2.0,0.0,0,0.02
0.9862446071147825,Metal Gear Solid: The Legacy Collection,PS3,2013.0,1.0,Konami Digital Entertainment,0.16529239225387415,1.0,0.03,5,0.39
1.0,Taiko no Tatsujin DS: Touch de Dokodon!,DS,2007.0,3.0,Namco Bandai Games,0.0,0.0,0.66,0,0.66
0.9528149773632899,Street Sk8er,PS,1998.0,10.0,Electronic Arts,0.30355167420423396,25.0,0.0,4,0.67
0.9907582549742764,Up,PSP,2009.0,0.0,THQ,0.13563952300243068,10.0,0.0,7,0.41
0.8303655721469596,Oddworld: Abe's Exoddus,PS,1998.0,4.0,GT Interactive,0.5572190023617755,37.0,0.0,6,0.99
1.0,Sokukoku no Kusabi: Hiiro no Kakera 3 Portable,PSP,2010.0,1.0,Idea Factory,0.0,0.0,0.03,0,0.03
0.8342191746462443,"WarioWare, Inc.: Mega MicroGame$",GBA,2003.0,5.0,Nintendo,0.5514330137492123,11.0,0.7,2,1.23
0.5368754921931593,Yoshi's Cookie,GB,1992.0,5.0,Nintendo,0.8436614877321076,24.0,0.82,3,1.68
0.9371460502032697,Aliens: Colonial Marines,X360,2013.0,8.0,Sega,0.3489373591182387,36.0,0.0,7,0.8
0.9999969365889223,Guilty Gear Xrd -Revelator-,PS3,2016.0,2.0,PQube,0.002475239942051788,2.0,0.02,1,0.07
0.9998067408001421,Bullet Witch,X360,2006.0,8.0,Atari,0.019659121307867962,1.0,0.02,1,0.1
0.9999152397273265,Iron Man / X-O Manowar in Heavy Metal,PS,1996.0,4.0,Acclaim Entertainment,0.013019729683949564,3.0,0.0,1,0.08
1.0,Uta no Prince-Sama: Music 2,PSP,2013.0,1.0,Broccoli,0.0,0.0,0.09,0,0.09
0.9931851496869092,GT Advance Championship Racing,GBA,2001.0,6.0,THQ,0.11654723695305566,9.0,0.0,1,0.33
1.0,Derby Stallion 64,N64,2001.0,10.0,Media Factory,0.0,0.0,0.15,0,0.15
0.9928201254014765,SaGa Frontier 2,PS,1999.0,7.0,SquareSoft,0.11961688257849114,7.0,0.71,6,0.94
0.999980869929334,MechAssault: Phantom War,DS,2006.0,9.0,Majesco Entertainment,0.0061854486799752615,0.0,0.0,0,0.03
1.0,Kanokon: Esuii,PS2,2008.0,1.0,5pb,0.0,0.0,0.01,0,0.01
0.9996237624089097,Armed and Dangerous,XB,2003.0,8.0,LucasArts,0.02742870079780545,3.0,0.0,0,0.13
0.8996062063867348,Oddworld: Munch's Oddysee,XB,2001.0,4.0,Atari,0.43670204193530815,16.0,0.0,3,0.73
0.9708434435126609,Wheel of Fortune,DS,2010.0,3.0,THQ,0.23971443049695332,0.0,0.0,3,0.43
0.9999981148135128,NHL 2K3,GC,2002.0,10.0,Sega,0.001941743912259248,0.0,0.0,0,0.02
0.1880722707878578,NBA 2K16,XOne,2015.0,10.0,Take-Two Interactive,0.9821551918921463,14.0,0.0,23,2.32
0.9757895770160064,Toy Story 3: The Video Game,PSP,2010.0,0.0,Disney Interactive Studios,0.21871145691738075,25.0,0.0,14,0.66
1.0,Naruto: Clash of Ninja (JP sales),GC,2003.0,2.0,Tomy Corporation,0.0,0.0,0.21,1,0.21
0.9998389606708513,Ultimate Party Challenge,Wii,2009.0,3.0,Konami Digital Entertainment,0.01794582749922041,0.0,0.0,1,0.08
0.9951297067185696,Nicktoons: Battle for Volcano Island,GC,,0.0,Unknown,0.0985741690617451,6.0,0.0,1,0.29
0.9853254229588291,Rayman Origins,Wii,2011.0,4.0,Ubisoft,0.17068629374089953,29.0,0.0,7,0.58
0.9999238008152207,Catwoman,GC,2004.0,0.0,Electronic Arts,0.01234473828166939,1.0,0.0,0,0.07
0.7071067811865475,NCAA Football 12,X360,2011.0,10.0,Electronic Arts,0.7071067811865475,0.0,0.0,6,0.99
0.9872411207126471,NBA Live 2003,XB,,10.0,Electronic Arts,0.1592324388246205,4.0,0.0,1,0.36
0.9637640634185632,Iron Man,PS3,2008.0,0.0,Sega,0.26675612469620946,25.0,0.0,11,0.68
0.9999981293708419,Final Fight: Streetwise,XB,2006.0,0.0,Capcom,0.0019342323585509514,0.0,0.0,0,0.02
1.0,Nichibeikan Pro Yakyuu: Final League,PS2,2002.0,10.0,SquareSoft,0.0,0.0,0.07,0,0.07
1.0,Kidou Senshi Gundam: Senjou no Kizuna Portable,PSP,2009.0,11.0,Namco Bandai Games,0.0,0.0,0.18,0,0.18
0.9999586802470746,Dragon's Lair 3D: Return to the Lair,XB,2002.0,4.0,Ubisoft,0.009090533456791587,1.0,0.0,0,0.05
1.0,Myst,PS,1995.0,1.0,Psygnosis,0.0,0.0,0.07,0,0.07
0.9999165485827661,Knights Contract,X360,2011.0,0.0,Namco Bandai Games,0.012918818457141682,3.0,0.0,1,0.08
0.9978014196300073,Iron Chef America: Supreme Cuisine,DS,2008.0,9.0,Destineer,0.06627463303815546,0.0,0.0,1,0.19
0.9843219027774764,Rapala Pro Bass Fishing 2010,X360,2010.0,10.0,Activision,0.17638138142255358,5.0,0.0,3,0.4
0.5714937537595789,Ni no Kuni: Wrath of the White Witch,PS3,2011.0,7.0,Namco Bandai Games,0.82060641565478,46.0,0.21,22,1.55
1.0,Ys VIII: Lacrimosa of Dana,PSV,2016.0,7.0,Nihon Falcom Corporation,0.0,0.0,0.09,0,0.09
0.9986824815068959,G-Force,PS3,2009.0,0.0,Disney Interactive Studios,0.051315700630789114,6.0,0.0,3,0.22
1.0,Eigo de Tabisuru: Little Charo,DS,2011.0,3.0,Nintendo,0.0,0.0,0.06,0,0.06
1.0,Mega Man: Battle & Chase,PS,1997.0,6.0,Capcom,0.0,0.0,0.06,0,0.07
0.3022438607339301,Tom Clancy's The Division,XOne,2016.0,8.0,Ubisoft,0.953230637699318,52.0,0.0,18,2.01
0.7348034446274879,Cars,DS,2006.0,6.0,THQ,0.6782801027330658,5.0,0.0,8,0.98
0.1414213562373095,Mortal Kombat X,PS4,2015.0,2.0,Warner Bros. Interactive Entertainment,0.9899494936611665,58.0,0.0,32,2.7
0.5000743770922671,Dark Cloud,PS2,2000.0,7.0,Sony Computer Entertainment,0.8659824578914869,41.0,0.08,19,1.54
0.9999138998378,Walt Disney's The Jungle Book: Rhythm N'Groove,PS,2000.0,3.0,Sony Computer Entertainment,0.013122229656664042,3.0,0.0,1,0.09
0.9999046258374067,Descent Maximum,PS,1997.0,8.0,Interplay Productions,0.013810837373444844,4.0,0.0,1,0.1
0.6536198703460924,Oddworld: Abe's Oddysee,PS,1997.0,4.0,GT Interactive,0.7568230077691597,41.0,0.0,6,1.24
0.9989990544119017,DanceDanceRevolution,PS3,2010.0,9.0,Konami Digital Entertainment,0.04473130094381649,5.0,0.0,2,0.2
1.0,GunGriffon II,SAT,1998.0,9.0,ESP,0.0,0.0,0.06,0,0.06
1.0,Battlestations: Midway,PC,2007.0,11.0,Eidos Interactive,0.0,1.0,0.0,0,0.01
1.0,Nurarihyon no Mago: Hyakki Ryouran Taisen,PS3,2011.0,2.0,Konami Digital Entertainment,0.0,0.0,0.02,0,0.02
1.0,Fate/Unlimited Codes,PS2,2008.0,2.0,Capcom,0.0,0.0,0.14,0,0.14
1.0,The Legend of Heroes VII: The Trail of Zero,PSP,2010.0,7.0,Falcom Corporation,0.0,0.0,0.16,0,0.16
1.0,Cosmetic Paradise: Make no Kiseki,DS,2008.0,3.0,Global A Entertainment,0.0,0.0,0.01,0,0.01
0.9297409691081523,The Godfather II,PS3,2009.0,0.0,Electronic Arts,0.36821424519134743,22.0,0.01,11,0.75
1.0,The Lost Treasures of Alexandria,DS,2011.0,5.0,Unknown,0.0,4.0,0.0,1,0.05
0.9969082798397851,4x4 Evolution,PS2,2001.0,6.0,Gathering of Developers,0.078574051612988,12.0,0.0,4,0.32
0.9980525784828886,Zumba Fitness: World Party,Wii,2013.0,3.0,Majesco Entertainment,0.06237828615518054,11.0,0.0,3,0.27
1.0,Izumo 2,PS2,2006.0,1.0,GN Software,0.0,0.0,0.01,0,0.01
0.9994241755358714,Onechanbara: Bikini Samurai Squad,X360,2006.0,0.0,D3Publisher,0.03393106768794625,1.0,0.0,1,0.13
0.9823990690579582,Virtual Pool,PS,1997.0,10.0,Interplay,0.18679418918707655,19.0,0.0,3,0.51
0.35465423412053854,NBA 2K15,XOne,2014.0,10.0,Take-Two Interactive,0.9349975263177834,18.0,0.0,15,1.69
0.9997484102311006,Onimusha Essentials,PS2,2008.0,0.0,Capcom,0.02243025279364649,5.0,0.0,2,0.14
0.999133073092352,Mahjong,NES,1983.0,3.0,Nintendo,0.04163054471218133,0.0,2.13,0,2.14
0.9553321012678266,Star Wars Battlefront: Elite Squadron,DS,2009.0,8.0,LucasArts,0.29553439103968737,4.0,0.0,4,0.52
0.9999982596392057,NHL 2K7,XB,2006.0,10.0,Take-Two Interactive,0.0018656683948492646,0.0,0.0,0,0.01
0.9871810987703905,Six Flags Fun Park,Wii,2009.0,3.0,Ubisoft,0.15960412974132063,10.0,0.0,4,0.41
0.8307303731728112,My Little Pony: Pinkie Pie's Party,DS,2008.0,1.0,THQ,0.5566749923322961,0.0,0.0,6,0.78
0.9999946251441134,F1 2012,PC,2012.0,6.0,Codemasters,0.003278670902111847,11.0,0.0,3,0.15
0.99967560114308,Dino Crisis 3,XB,2003.0,0.0,Capcom,0.02546944206733962,3.0,0.03,0,0.14
0.9999834856779531,The Smurfs 2,PS3,2013.0,4.0,Ubisoft,0.005747031526884788,7.0,0.0,2,0.11
0.9992857740283345,Hatsune Miku: Project Diva F 2nd,PS3,2014.0,3.0,Sega,0.03778811750527315,4.0,0.1,3,0.25
0.9999314496613493,Gem Smashers,Wii,2011.0,4.0,Crave Entertainment,0.011708799176362404,0.0,0.0,0,0.06
0.9997688395715764,Jimmie Johnson's Anything With an Engine,X360,2011.0,6.0,Konami Digital Entertainment,0.02150040515207691,0.0,0.0,1,0.09
0.09950371902099892,James Bond 007: Nightfire,PS2,2002.0,8.0,Electronic Arts,0.9950371902099892,69.0,0.12,31,3.33
0.844212815247804,FIFA 14,XOne,2013.0,10.0,Electronic Arts,0.5360081366652724,54.0,0.0,12,1.19
0.9998804550672817,Persona 4: Arena Ultimax,X360,2014.0,2.0,Atlus,0.015462068892793017,1.0,0.0,1,0.08
0.9434601396511317,DiRT 2,PS3,2009.0,6.0,Codemasters,0.3314859950125598,48.0,0.0,20,1.01
0.9999601426891569,Gummy Bears Mini Golf,DS,2010.0,10.0,Storm City Games,0.008928215559724615,0.0,0.0,0,0.05
0.9839837950921837,Juiced,PS2,2005.0,6.0,THQ,0.17825793389351152,20.0,0.0,7,0.53
0.9997815427907328,N3 II: Ninety-Nine Nights,X360,2010.0,0.0,Microsoft Game Studios,0.020901356295276646,7.0,0.04,1,0.17
1.0,Elminage II: Sousei no Megami to Unmei no Daichi,PSP,2009.0,7.0,Starfish,0.0,0.0,0.02,0,0.02
1.0,Tales of the World: Radiant Mythology 2,PSP,2009.0,7.0,Namco Bandai Games,0.0,0.0,0.33,0,0.33
0.9997960016298644,J Stars Victory Vs.,PS3,2014.0,2.0,Namco Bandai Games,0.020197899022825542,6.0,0.2,2,0.32
0.9998587969493102,Gekido,PS,1999.0,2.0,Infogrames,0.016804349528559834,4.0,0.0,1,0.1
1.0,FIFA 14,3DS,2013.0,10.0,Electronic Arts,0.0,23.0,0.0,3,0.25
0.9999798016748879,Garfield: A Tale of Two Kitties,DS,2006.0,4.0,Game Factory,0.006355803824204796,0.0,0.0,0,0.03
0.9995269630766536,Star Wars: Clone Wars,XB,2003.0,8.0,LucasArts,0.030754675786973957,3.0,0.0,0,0.13
0.9999982399928191,Rally Championship,GC,2003.0,6.0,SCi,0.0018761693058026625,0.0,0.0,0,0.01
0.9989391182909367,Batman: Vengeance,GBA,2001.0,1.0,Ubisoft,0.0460503848857524,5.0,0.0,0,0.18
0.8192319205190405,Amped: Freestyle Snowboarding,XB,2001.0,10.0,Microsoft Game Studios,0.5734623443633283,11.0,0.0,2,0.82
0.9991209218851811,Finding Nemo: Escape to the Big Blue,DS,2006.0,0.0,THQ,0.04192115756161599,4.0,0.0,1,0.17
0.9997312572910916,Pac-Man Pinball Advance,GBA,2005.0,3.0,Zoo Digital Publishing,0.023182174082112268,3.0,0.0,0,0.11
0.7959461193819312,Assassin's Creed: Rogue,X360,2014.0,0.0,Ubisoft,0.6053674710792153,37.0,0.0,9,1.05
0.9999982065016111,Pro Angler Moves,PS3,2012.0,10.0,"Interworks Unlimited, Inc.",0.0018939359971621422,0.0,0.0,0,0.01
1.0,Hyperdimension Neptunia mk2,PSV,2014.0,0.0,Compile Heart,0.0,0.0,0.04,0,0.04
0.9961619826450318,Tony Hawk's Proving Ground,Wii,2007.0,10.0,Activision,0.08752887713617434,1.0,0.0,2,0.25
0.9994609827688513,SNK Arcade Classics Vol. 1,PS2,2008.0,3.0,Ignition Entertainment,0.03282901038291847,7.0,0.0,2,0.19
0.9627021713603554,Country Dance 2,Wii,2011.0,3.0,GameMill Entertainment,0.2705633553496424,0.0,0.0,3,0.46
0.9142394560805753,Dragon Age II,PS3,2011.0,0.0,Electronic Arts,0.4051743043993459,27.0,0.05,12,0.84
0.9704960472191336,Food Network: Cook or Be Cooked,Wii,2009.0,3.0,Namco Bandai Games,0.24111703036500215,0.0,0.0,3,0.44
0.9997545428707587,Power Stone Collection,PSP,2006.0,0.0,Capcom,0.022155225326775815,0.0,0.0,1,0.1
1.0,Wizardry XTH: Unlimited Students,PS2,2006.0,7.0,Michaelsoft,0.0,0.0,0.01,0,0.01
1.0,The Orange Box,PC,2007.0,8.0,Electronic Arts,0.0,11.0,0.0,3,0.14
1.0,Dead or Alive Xtreme 3: Venus,PSV,2016.0,10.0,Tecmo Koei,0.0,0.0,0.03,0,0.03
1.0,Lost Horizon,PC,2010.0,1.0,Deep Silver,0.0,10.0,0.0,2,0.12
0.9941887446177476,Plants vs. Zombies: Garden Warfare 2,PS4,2016.0,8.0,Electronic Arts,0.10765101056370516,21.0,0.0,7,0.45
0.9997700769493311,Spectral Force Genesis,DS,2008.0,7.0,Nobilis,0.021442789854141147,0.0,0.01,1,0.09
0.9649417432078451,Harvest Moon: Sunshine Islands,DS,2008.0,9.0,Rising Star Games,0.2624641541525339,3.0,0.17,3,0.58
0.9999688380217608,Theme Hospital,PS,1998.0,11.0,Electronic Arts,0.007894490826487586,2.0,0.03,1,0.09
0.9987206135813602,Teen Titans,PS2,2006.0,0.0,THQ,0.05056813233323343,10.0,0.0,3,0.25
0.9442628183767778,NCAA Football 98,PS,1997.0,10.0,Electronic Arts,0.3291925421863996,27.0,0.0,5,0.7
0.9968511954728074,Viking: Battle for Asgard,PS3,2008.0,0.0,Sega,0.07929498145806423,18.0,0.0,7,0.39
0.33786475360676677,inFAMOUS 2,PS3,2011.0,0.0,Sony Computer Entertainment,0.9411946707617075,44.0,0.08,22,1.85
0.9995897469386567,Karaoke Revolution Presents American Idol Encore,X360,2008.0,3.0,Konami Digital Entertainment,0.028641540026895607,0.0,0.0,1,0.11
0.696785684263249,Pokémon Mystery Dungeon: Red Rescue Team (US weekly sales),GBA,2005.0,7.0,Nintendo,0.7172793808592269,30.0,0.0,2,1.13
1.0,Max Payne,PC,2001.0,8.0,Take-Two Interactive,0.0,2.0,0.0,0,0.02
1.0,Dance with Devils,PSV,2016.0,0.0,,0.0,0.0,0.01,0,0.01
0.9976411476235386,Assassin's Creed II: Discovery,DS,2009.0,0.0,Ubisoft,0.06864503309336276,11.0,0.0,3,0.28
0.9984315082712236,Trivial Pursuit,PS3,2009.0,3.0,Electronic Arts,0.05598681354791908,12.0,0.0,5,0.29
0.9970824818731542,Guitar Hero: Van Halen,X360,2009.0,3.0,Activision,0.07633167325344721,10.0,0.0,3,0.3
1.0,Hisshou Pachinko*Pachi-Slot Kouryaku Series Portable Vol. 1: Shinseiki Evangelion - Tamashii no Kiseki,PSP,2010.0,3.0,D3Publisher,0.0,0.0,0.06,0,0.06
0.48782135766494195,Smuggler's Run,PS2,2000.0,6.0,Take-Two Interactive,0.8729434821372646,50.0,0.0,20,1.56
1.0,Kidou Senshi Gundam Seed Battle Destiny,PSV,2012.0,0.0,Namco Bandai Games,0.0,0.0,0.12,0,0.12
0.9998430108585161,SCORE International Baja 1000: The Official Game,PS3,2008.0,6.0,Activision,0.01771873690129016,0.0,0.0,1,0.08
0.9998347517133227,Puzzle Quest: Challenge of the Warlords,PS2,2007.0,5.0,D3Publisher,0.01817881366751496,5.0,0.0,2,0.12
0.9985861843007808,Harvest Moon: More Friends of Mineral Town,GBA,2003.0,9.0,Ubisoft,0.053156679012208864,5.0,0.0,0,0.2
0.982943903754479,Bleach: The Blade of Fate,DS,2006.0,2.0,Sega,0.18390563360567672,1.0,0.12,3,0.46
1.0,Pony Friends 2,PC,2009.0,9.0,Eidos Interactive,0.0,1.0,0.0,0,0.01
0.9997753257747869,Brink,PC,2011.0,8.0,Bethesda Softworks,0.021196650016426576,9.0,0.0,3,0.18
0.9948440910474308,Ultimate Spider-Man,GBA,2005.0,0.0,Activision,0.1014161452038643,8.0,0.0,1,0.3
0.7348034446274879,Cars,DS,2006.0,6.0,THQ,0.6782801027330658,5.0,0.0,8,0.98
0.7750186878060927,Ty the Tasmanian Tiger,PS2,2002.0,4.0,Electronic Arts,0.6319383146726602,42.0,0.0,15,1.17
1.0,Neo Angelique,PS2,2006.0,1.0,Tecmo Koei,0.0,0.0,0.02,0,0.02
0.9984757528915414,Overlord II,PS3,2009.0,0.0,Codemasters,0.055192127044256065,15.0,0.0,6,0.32
1.0,Famista '91,NES,1990.0,10.0,Namco Bandai Games,0.0,0.0,0.3,0,0.3
1.0,Jikkyou Powerful Pro Yakyuu 2010,PSP,2010.0,10.0,Konami Digital Entertainment,0.0,0.0,0.2,0,0.2
0.9945529449415862,America's Test Kitchen: Let's Get Cooking,DS,2010.0,9.0,Nintendo,0.1042326230506466,0.0,0.0,2,0.27
0.9513664402342419,Terraria,X360,2013.0,0.0,505 Games,0.30806151398061166,31.0,0.0,6,0.72
1.0,Jewel Quest IV: Heritage,DS,2011.0,5.0,iWin,0.0,5.0,0.0,1,0.06
1.0,Jikkyou Powerful Pro Yakyuu 12,GC,2005.0,10.0,Konami Digital Entertainment,0.0,0.0,0.08,0,0.08
0.992876838486922,Prince of Persia: The Sands of Time,GC,2003.0,0.0,Ubisoft,0.11914522061843064,6.0,0.0,1,0.32
1.0,Jissen Pachi-Slot Hisshouhou! Aladdin A,PS2,2002.0,3.0,Sammy Corporation,0.0,0.0,0.2,0,0.2
0.9957924470473135,Pirates of the Caribbean: At World's End,PSP,2007.0,0.0,Disney Interactive Studios,0.09163734175282026,17.0,0.0,10,0.43
0.995475113122172,The Adventures of Jimmy Neutron Boy Genius: Attack of the Twonkies,GC,2004.0,0.0,THQ,0.09502262443438914,6.0,0.0,1,0.28
0.9999555031481303,Tokyo Xtreme Racer Advance,GBA,2005.0,6.0,Crave Entertainment,0.009433542482529532,2.0,0.0,0,0.06
0.9999799717601798,Smart Girl's Winter Wonderland,DS,2008.0,3.0,UFO Interactive,0.006328987163039113,0.0,0.0,0,0.03
0.9737740388548681,Monster Hunter Tri,WiiU,2012.0,7.0,Nintendo,0.2275172987978664,19.0,0.22,4,0.72
0.9969320779747416,NBA Courtside 2002,GC,2002.0,10.0,Nintendo,0.07827152678314087,5.0,0.0,1,0.25
0.9965154166018454,Mat Hoffman's Pro BMX,GBA,2001.0,10.0,Activision,0.08340877936315005,7.0,0.0,0,0.27
0.999998122113336,Disney Sports Basketball,GBA,2002.0,10.0,Konami Digital Entertainment,0.0019379808568087908,0.0,0.0,0,0.02
0.04078236951430928,Medal of Honor: Frontline,PS2,2002.0,8.0,Electronic Arts,0.9991680531005774,73.0,0.17,39,6.83
0.7654862707908162,Imagine: Babysitters,DS,2008.0,9.0,Ubisoft,0.6434522276212657,35.0,0.0,10,1.09
0.9992887623566786,Alvin and the Chipmunks,DS,2007.0,3.0,Brash Entertainment,0.03770900990025203,0.0,0.0,1,0.14
0.9933729321362669,Metal Gear Solid V: Ground Zeroes,PS3,2014.0,0.0,Konami Digital Entertainment,0.11493571115626228,14.0,0.27,6,0.62
0.9999791889951383,Ragnarok Odyssey,PS3,2014.0,7.0,GungHo,0.006451478638678312,1.0,0.0,1,0.04
0.9812115675355549,Are You Smarter than a 5th Grader? Make the Grade,DS,2008.0,3.0,THQ,0.19293485878508104,0.0,0.0,3,0.39
0.9998720245707583,Super Puzzle Fighter II,GBA,,5.0,Capcom,0.015997952393132134,2.0,0.0,0,0.09
0.9999608449656264,Heatseeker,PSP,2007.0,0.0,Codemasters,0.008849211017394925,0.0,0.0,0,0.04
0.9126316456053479,Motocross Mania,PS,2001.0,6.0,Take-Two Interactive,0.4087829245940621,30.0,0.0,5,0.79
1.0,Memories Off: Yubikiri no Kikou,PSP,2011.0,1.0,5pb,0.0,0.0,0.02,0,0.02
0.9993232064196902,Teenage Mutant Ninja Turtles: Arcade Attack,DS,2009.0,0.0,Ubisoft,0.03678490330379228,0.0,0.0,1,0.13
1.0,TouchMaster 3(Others sales),DS,2009.0,5.0,Warner Bros. Interactive Entertainment,0.0,24.0,0.0,2,0.26
0.9839681580756583,X-Men Legends II: Rise of Apocalypse,XB,2005.0,7.0,Activision,0.17834422865121308,12.0,0.0,2,0.44
0.7722123198951814,Just Dance 2014,X360,2013.0,3.0,Ubisoft,0.6353645670023644,19.0,0.0,7,0.98
1.0,Mega Man Xtreme,GB,2000.0,4.0,Capcom,0.0,0.0,0.07,0,0.07
1.0,Suzumiya Haruhi no Yakusoku,PSP,2007.0,1.0,Namco Bandai Games,0.0,0.0,0.15,0,0.15
1.0,J-League Jikkyou Winning Eleven 2000,PS,2000.0,10.0,Konami Digital Entertainment,0.0,0.0,0.15,1,0.16
1.0,Conception: Please Give Birth to My Child!,PSP,2012.0,7.0,Spike,0.0,0.0,0.08,0,0.08
0.9856723713362889,My Horse & Me,DS,2007.0,10.0,Atari,0.16867120792920454,0.0,0.0,3,0.36
0.5547001962252291,FIFA 16,X360,2015.0,10.0,Electronic Arts,0.8320502943378436,64.0,0.0,13,1.69
0.5010362705417046,Star Wars: The Force Unleashed II,X360,2010.0,0.0,LucasArts,0.8654262854811262,39.0,0.0,12,1.47
0.9983478743428053,Rock Band Track Pack Volume 2,X360,2008.0,3.0,MTV Games,0.057458870465772964,1.0,0.0,1,0.18
1.0,Dancing on Ice,DS,2010.0,10.0,Ghostlight,0.0,2.0,0.0,0,0.02
0.9993545065170398,Grabbed by the Ghoulies,XB,2003.0,0.0,Microsoft Game Studios,0.035924508404207314,3.0,0.0,1,0.14
0.9751328557914598,NASCAR Rumble,PS,2000.0,6.0,Electronic Arts,0.22162110358896814,21.0,0.0,4,0.56
1.0,FIFA 17,PC,2016.0,10.0,Electronic Arts,0.0,5.0,0.0,0,0.05
0.9996305477573358,Lemony Snicket's A Series of Unfortunate Events,XB,2004.0,4.0,Activision,0.027180286797027258,3.0,0.0,0,0.12
0.9410221242592781,Deca Sports 2,Wii,2009.0,10.0,Hudson Soft,0.3383450334415382,33.0,0.09,7,0.82
0.18428853505018536,Mario Strikers Charged,Wii,2007.0,10.0,Nintendo,0.9828721869343219,65.0,0.24,24,2.62
1.0,The King of Fighters '96,NG,1996.0,2.0,SNK,0.0,0.0,0.06,0,0.06
0.9952569790009996,Final Fantasy IV: The Complete Collection,PSP,2011.0,7.0,Square Enix,0.09728075734596237,9.0,0.27,6,0.56
0.9922778767136677,The Wild Thornberrys Movie,GBA,2002.0,4.0,THQ,0.12403473458920847,9.0,0.0,1,0.34
1.0,Virtua Tennis 3,PC,2007.0,10.0,Sega,0.0,1.0,0.0,0,0.01
0.9993194197969157,GoldenEye 007 (2010),DS,2010.0,0.0,Activision,0.03688762958981904,3.0,0.0,1,0.15
0.9742685117845717,Tatsunoko vs. Capcom: Ultimate All-Stars,Wii,2010.0,2.0,Capcom,0.22539047660687855,16.0,0.03,5,0.55
0.9981074057317652,Need for Speed: The Run,Wii,2011.0,0.0,Electronic Arts,0.061494769073521076,13.0,0.01,3,0.29
0.9522551970821064,Need for Speed: Most Wanted,GC,2005.0,6.0,Electronic Arts,0.30530319295762187,11.0,0.0,2,0.56
1.0,Dynasty Warriors: Gundam,PS2,2008.0,0.0,Namco Bandai Games,0.0,0.0,0.28,0,0.28
0.9999983104497836,Resident Evil 4 HD,XOne,2016.0,8.0,Capcom,0.0018382321883268081,0.0,0.0,0,0.01
1.0,Calcio Bit,GBA,2006.0,10.0,Nintendo,0.0,0.0,0.03,0,0.03
0.9918816646858506,LEGO Marvel Super Heroes,PSV,2013.0,0.0,Warner Bros. Interactive Entertainment,0.12716431598536546,34.0,0.0,16,0.66
0.9999345507760923,Domino Rally,Wii,2007.0,0.0,Nordcurrent,0.011440898750298538,0.0,0.0,0,0.05
0.9999683401255411,PAC-MAN and the Ghostly Adventures,PS3,2013.0,4.0,Namco Bandai Games,0.007957307746357091,4.0,0.0,1,0.09
1.0,Yoru no Nai Kuni,PS3,2015.0,7.0,Tecmo Koei,0.0,0.0,0.05,0,0.05
1.0,Torneko no Daibouken: Fushigi no Dungeon,SNES,1993.0,7.0,ChunSoft,0.0,0.0,0.78,0,0.78
0.9816153896685813,WWE SmackDown vs. Raw 2011,PSP,2010.0,2.0,THQ,0.19086965910222414,31.0,0.0,17,0.71
1.0,Tabi no Yubisashi Kaiwachou DS: DS Series 4 America,DS,2006.0,3.0,Nintendo,0.0,0.0,0.09,0,0.09
0.7671893921511783,Super Street Fighter IV: 3D Edition,3DS,2011.0,2.0,Capcom,0.6414206393395098,41.0,0.14,9,1.22
0.9751328557914598,NASCAR Rumble,PS,2000.0,6.0,Electronic Arts,0.22162110358896814,21.0,0.0,4,0.56
1.0,Thoroughbred Breeder II,SNES,1994.0,9.0,Hect,0.0,0.0,0.27,0,0.27
0.9996327687974476,Record of Agarest War Zero,PS3,,11.0,Ghostlight,0.027098478672219966,0.0,0.03,1,0.12
1.0,Painkiller,PC,2004.0,8.0,DreamCatcher Interactive,0.0,2.0,0.0,0,0.02
0.43772425023549555,LEGO Harry Potter: Years 1-4,X360,2010.0,0.0,Warner Bros. Interactive Entertainment,0.8991092707539908,45.0,0.0,14,1.59
1.0,One Piece: Pirate Warriors 3,PS3,2015.0,0.0,Namco Bandai Games,0.0,9.0,0.19,1,0.29
0.9938837346736189,Indy 500,2600,,6.0,Atari,0.11043152607484653,1.0,0.0,0,0.27
0.9419866263490149,2010 FIFA World Cup South Africa,X360,2010.0,10.0,Electronic Arts,0.33565040708987887,40.0,0.02,9,0.86
0.9999972318454041,Destiny: The Collection,PS4,2016.0,8.0,Activision,0.0023529346631656566,4.0,0.0,1,0.06
0.999979008819792,Brothers: A Tale of Two Sons,XOne,2015.0,1.0,505 Games,0.006479345629501892,1.0,0.0,0,0.04
0.99967765655484,The Walking Dead: Season Two,XOne,2014.0,1.0,Telltale Games,0.025388638896630854,5.0,0.0,1,0.14
0.9972387313104426,Okage: Shadow King,PS2,2001.0,7.0,Sony Computer Entertainment,0.07426245871460743,11.0,0.08,4,0.36
1.0,Trick x Logic: Season 1,PSP,2010.0,1.0,Sony Computer Entertainment,0.0,0.0,0.05,0,0.05
0.9998908184368012,Real Time Conflict: Shogun Empires,DS,2005.0,11.0,Namco Bandai Games,0.014776711602514302,0.0,0.0,0,0.07
0.9982743731749959,TOCA 2: Touring Cars,PS,1998.0,6.0,Codemasters,0.058722021951470346,67.0,0.02,11,1.32
1.0,Dead Space,PC,2008.0,0.0,Electronic Arts,0.0,48.0,0.0,6,0.59
0.9996732942140335,Universe at War: Earth Assault,X360,2008.0,0.0,Sega,0.025559828545245175,1.0,0.0,1,0.1
0.7703943211246898,Secret of Mana,SNES,1993.0,7.0,SquareSoft,0.637567714034226,7.0,1.49,2,1.83
0.9858558466698174,Tearaway,PSV,2013.0,1.0,Sony Computer Entertainment Europe,0.16759549393386894,38.0,0.0,19,0.75
1.0,Jewel Link Chronicles: Legend of Athena,DS,2011.0,5.0,GSP,0.0,6.0,0.0,1,0.07
0.9999971655449311,Age of Empires Online,PC,2011.0,11.0,Microsoft Game Studios,0.002380945632249836,4.0,0.0,1,0.06
0.9191450300180578,Samurai Warriors,PS2,2004.0,0.0,Electronic Arts,0.39391929857916763,5.0,1.06,2,1.35
0.9987712794769118,Dawn of Discovery,Wii,2009.0,9.0,Ubisoft,0.0495573535618315,6.0,0.0,2,0.21
0.8944271909999159,Ridge Racer 7,PS3,2006.0,6.0,Namco Bandai Games,0.4472135954999579,57.0,0.16,25,1.37
1.0,Angry Birds,PC,2011.0,5.0,Focus Home Interactive,0.0,18.0,0.0,5,0.24
0.9981958602885002,Tigger's Honey Hunt,N64,2000.0,4.0,Ubisoft,0.0600418562579549,4.0,0.0,0,0.2
0.24253562503633297,LEGO Indiana Jones: The Original Adventures,DS,2008.0,0.0,Activision,0.9701425001453319,51.0,0.0,21,2.23
0.9994767465839579,Doom,GBA,2001.0,8.0,Activision,0.032345525779416115,4.0,0.0,0,0.14
0.9927956130099675,You Don't Know Jack,PS,1999.0,3.0,Vivendi Games,0.11982016019085814,15.0,0.0,3,0.4
0.9999795424556532,Deer Drive: Legends,3DS,2012.0,0.0,Maximum Family Games,0.006396457627648102,0.0,0.0,0,0.03
0.9999834856779531,The Smurfs 2,PS3,2013.0,4.0,Ubisoft,0.005747031526884788,7.0,0.0,2,0.11
0.8203981667699868,Donkey Konga,GC,2003.0,3.0,Nintendo,0.5717926616881727,16.0,0.46,3,1.15
1.0,Hatsune Miku: Project Diva,PSP,2009.0,3.0,Sega,0.0,0.0,0.26,0,0.26
1.0,Pokemon Box: Ruby & Sapphire,GC,2003.0,3.0,Nintendo,0.0,0.0,0.27,1,0.28
0.9999981579841716,WTA Tour Tennis,GBA,2002.0,10.0,Konami Digital Entertainment,0.0019193822610060875,0.0,0.0,0,0.02
0.9994708520004978,Backyard Sports Football: Rookie Rush,X360,2010.0,10.0,Atari,0.03252715790534164,0.0,0.0,1,0.12
1.0,Risen,PC,2009.0,7.0,Deep Silver,0.0,11.0,0.0,3,0.14
0.17469122462117812,FIFA Soccer 08,PS2,2007.0,10.0,Electronic Arts,0.9846232660466403,0.0,0.0,41,3.14
1.0,Hatsune Miku and Future Stars: Project Mirai,3DS,2012.0,3.0,Sega,0.0,0.0,0.18,0,0.18
0.9987611867621173,Bad Boys: Miami Takedown,XB,2004.0,8.0,Empire Interactive,0.04976034382444713,4.0,0.0,1,0.18
0.9999982853267695,ESPN NBA 2Night 2002,XB,2002.0,10.0,Konami Digital Entertainment,0.0018518486765310546,0.0,0.0,0,0.01
1.0,Captain Tsubasa,PS2,2006.0,10.0,Namco Bandai Games,0.0,0.0,0.08,0,0.08
1.0,Saint Seiya Omega: Ultimate Cosmo,PSP,2012.0,2.0,Namco Bandai Games,0.0,0.0,0.01,0,0.01
1.0,Senran Kagura Burst: Guren no Sh?jo-tachi,3DS,2012.0,0.0,Marvelous Entertainment,0.0,0.0,0.14,0,0.14
0.9971039821919808,Super Street Fighter II: Turbo Revival,GBA,2001.0,2.0,Ubisoft,0.07605030372650701,7.0,0.0,0,0.25
0.020197899022825542,Super Mario Galaxy 2,Wii,2010.0,4.0,Nintendo,0.9997960016298644,72.0,0.98,35,7.69
1.0,Genkai Totsuki Moero Chronicle,PSV,2014.0,7.0,Compile Heart,0.0,0.0,0.08,0,0.08
1.0,GoGo's Crazy Bones,DS,2012.0,0.0,GameMill Entertainment,0.0,4.0,0.0,0,0.04
1.0,Yokai Watch Busters,3DS,2015.0,0.0,Level 5,0.0,0.0,2.28,0,2.28
0.9999577249691997,Princess on Ice,DS,2008.0,10.0,505 Games,0.009195013562935169,1.0,0.0,0,0.05
1.0,Let's Dance with Mel B,PS3,2011.0,10.0,Black Bean Games,0.0,2.0,0.0,1,0.03
